control_gene,control_gene_GenePTembedding,control_description_GenePTembedding
CSNK1G1,"[-0.00503304  0.003892    0.01063004 ... -0.0316606  -0.00390183
 -0.0145581 ]","[-0.01846147 -0.00213638 -0.00720801 ... -0.0154175  -0.01798709
 -0.01145771]"
UNC13A,"[-0.01003779 -0.02998027  0.00921823 ... -0.01891279 -0.00193331
 -0.02936386]","[-0.03589099 -0.01453612  0.0060424  ... -0.01191961 -0.01129853
 -0.01505149]"
TMCO3,"[-0.01633971 -0.02248409  0.00383684 ...  0.0180933  -0.00516223
 -0.02860129]","[-0.00347998 -0.00175307  0.01805404 ...  0.00063206 -0.02284229
 -0.01482263]"
DKK2,"[-0.01920247 -0.01388195 -0.01731193 ... -0.02881721 -0.02305106
  0.00217581]","[-0.03939621 -0.00826582 -0.00406694 ... -0.01050214 -0.02208615
 -0.01124758]"
KCTD2,"[-0.01773551 -0.00249448  0.01851195 ... -0.01212335 -0.01533809
 -0.00453604]","[-0.02685961 -0.01002627 -0.00082908 ... -0.00763656  0.00082496
  0.00142445]"
PLXNB1,"[-0.01387526 -0.00385047  0.01325104 ... -0.01983925 -0.00426774
 -0.01822442]","[-0.0281356   0.00138579  0.01933    ... -0.02215943 -0.00362933
 -0.01676501]"
RN7SL130P,"[-0.00301591  0.00802891 -0.01854489 ... -0.03871178 -0.00817084
 -0.00268813]","[-0.01461826 -0.01120056 -0.00518745 ... -0.02520296 -0.00745802
  0.00497765]"
ENO1-AS1,"[ 0.00763473 -0.01159373 -0.00559304 ... -0.01536618  0.00074145
 -0.02444495]","[-0.02545398 -0.00642958  0.00244826 ... -0.02722492  0.005706
 -0.02014116]"
RNU7-167P,"[-0.00416836 -0.01017134 -0.00491705 ... -0.02556325  0.01679485
 -0.01390802]","[-0.01636774 -0.01658223  0.00419583 ... -0.02235987  0.00115871
 -0.01307677]"
PTPRZ1,"[-0.01317803 -0.0086027  -0.00164554 ...  0.00908216 -0.01401364
 -0.01129447]","[-0.02171298 -0.00516187  0.00066797 ...  0.00074878 -0.02350616
 -0.00010329]"
FBXO28,"[-1.55486409e-02 -9.63798072e-03 -1.85821895e-02 ...  3.06755770e-03
  1.91430099e-05 -1.92351509e-02]","[-0.02514266 -0.01968199 -0.00867553 ...  0.00056718 -0.00764101
 -0.02188197]"
TSACC,"[-0.00169723  0.00444528  0.01089544 ...  0.00087886  0.0035742
 -0.0005764 ]","[-0.02058323 -0.02361096 -0.00164998 ... -0.00756932  0.00927573
  0.0048769 ]"
NCAPH2,"[-0.01038982 -0.00367802  0.0135463  ... -0.00888997 -0.00546761
  0.01008303]","[-0.02431894  0.01380019  0.00507455 ... -0.01280149 -0.01753557
 -0.00280316]"
RNU6-440P,"[-0.00104252 -0.0179387  -0.00655967 ... -0.00853427  0.01733628
  0.00642915]","[-0.01339473 -0.02858082  0.00035166 ... -0.0060576   0.0048353
  0.00406085]"
FOXO6-AS1,"[-0.01796318  0.00439265 -0.01236576 ... -0.01988539  0.01520169
 -0.02485335]","[-0.02827017 -0.00556199 -0.00228791 ... -0.01801401  0.00270375
 -0.02871723]"
DEFA4,"[-0.0106761  -0.00695084 -0.01961535 ... -0.01143424 -0.01681709
 -0.0060962 ]","[-0.01920424 -0.0089575  -0.027826   ... -0.03599116 -0.01334896
  0.01107937]"
KRT8P45,"[-2.47952398e-02  1.35578075e-03  1.46711860e-02 ...  2.57944193e-05
 -3.19469417e-03 -6.18877960e-03]","[-0.03625628 -0.00819114  0.02442901 ... -0.0007671  -0.01159755
 -0.00320951]"
CNEP1R1,"[-0.00966268  0.00070276  0.00028632 ... -0.02267527  0.00266424
 -0.01807082]","[-0.02615087 -0.01473862 -0.00406265 ... -0.02136509  0.00447352
 -0.01715781]"
KRT18P64,"[-0.02095211 -0.00360596  0.00955111 ... -0.0023861  -0.00057223
 -0.00957122]","[-0.02712337 -0.00950585  0.01817119 ... -0.01131363 -0.0057969
 -0.00834514]"
RELA-DT,"[-0.01863018 -0.01274214  0.02046358 ... -0.01018948 -0.02080205
  0.0057329 ]","[-0.03237302 -0.02365613  0.0102935  ... -0.0096068  -0.02624878
 -0.00390648]"
DST-AS1,"[-0.00049568 -0.00138462 -0.00229732 ... -0.00219188 -0.00419015
 -0.00454971]","[-0.02654345 -0.00842177  0.00150006 ... -0.02854699 -0.01190379
  0.01288483]"
RPL39P5,"[-0.01362586  0.00125739  0.0176768  ... -0.00131195  0.00413959
 -0.00436464]","[-0.02277155 -0.01536761  0.00487553 ... -0.00975742  0.01454071
 -0.02071066]"
CLEC11A,"[-0.02069754  0.00382713 -0.00261361 ... -0.02607335  0.00255912
 -0.02319392]","[-0.01760054  0.00658695  0.00168153 ... -0.03880601 -0.00265068
  0.00212386]"
LRTM1,"[-0.01705117 -0.00643135 -0.01949671 ... -0.01289647 -0.00094916
 -0.01472724]","[-0.03873458  0.00338101 -0.01550705 ... -0.02531629  0.00098572
 -0.02190553]"
RNF220,"[-0.0176732  -0.01699547 -0.00345383 ... -0.00173995  0.00027472
 -0.00877143]","[-0.03098273 -0.02344257  0.00416186 ... -0.00447015  0.0126333
 -0.01174056]"
RNU6-1336P,"[-0.00492046 -0.02121338 -0.01597385 ... -0.0283472   0.0187817
 -0.00446704]","[-0.01583523 -0.02793986 -0.00245896 ... -0.02221166  0.00519242
 -0.00910824]"
RAB5C-AS1,"[-0.01897348 -0.01051908  0.01454724 ... -0.03144254  0.00917636
 -0.00028908]","[-0.02686768 -0.01585633  0.01140508 ... -0.02952375 -0.0054723
 -0.00347024]"
SUDS3,"[ 0.00727134 -0.01033915  0.02221568 ... -0.01089316 -0.00407541
  0.01030453]","[-0.01642179 -0.01720568  0.02617389 ... -0.02194886 -0.01068213
  0.00251442]"
PGM1,"[ 0.00200006 -0.02378557 -0.01704924 ... -0.00577832 -0.00696491
 -0.01898543]","[-0.03191885 -0.0332628   0.00719143 ... -0.01127498 -0.00044381
 -0.01259955]"
MIR4519,"[-0.02864666 -0.01509828 -0.01874592 ... -0.0010021  -0.00263385
 -0.0307043 ]","[-0.06475633 -0.02961102  0.00069987 ... -0.01700371 -0.01498654
 -0.02388277]"
WASHC5,"[-0.01945909  0.01164608  0.00865937 ...  0.00113575  0.00970856
 -0.00387503]","[-0.02756918  0.01801097  0.00011038 ... -0.03205844  0.00180312
 -0.01346104]"
AVPR2,"[-0.03535151 -0.0239249  -0.01079334 ... -0.01713295 -0.025943
  0.01710512]","[-0.04412167 -0.00422263 -0.01164657 ... -0.04393415 -0.03573668
  0.01971679]"
SC4MOP,"[-0.00341544 -0.0038938  -0.00438554 ...  0.00068869 -0.00238847
 -0.01355471]","[-0.02028973 -0.01861691 -0.00947034 ... -0.00568962 -0.00331361
 -0.01313302]"
TOR1A,"[-0.02109292 -0.01681955 -0.01258042 ...  0.00868371 -0.01984652
 -0.00563277]","[-0.02905992 -0.02019955 -0.01482003 ... -0.00534655 -0.00837253
 -0.01816905]"
HNRNPLP2,"[-0.01614563  0.01181097  0.01482004 ... -0.0134083   0.01851843
 -0.00774142]","[-0.02403529  0.00541096  0.02596993 ... -0.01259535  0.00420181
 -0.00565279]"
THEMIS2,"[-0.01850091 -0.02356794 -0.01880465 ... -0.01094867 -0.0153806
 -0.02006106]","[-0.04068498 -0.02738362 -0.02096721 ... -0.02505393 -0.00279823
  0.00092163]"
UNC80,"[-7.23019149e-03 -1.76477712e-02  1.50069948e-02 ... -3.63608729e-06
  1.02791525e-02 -3.93099501e-04]","[-0.00794199  0.00060138 -0.00616234 ... -0.02276349 -0.00495378
 -0.00294836]"
RNU6-463P,"[-0.00684447 -0.02193147 -0.01151568 ... -0.01787647  0.00541661
  0.00211861]","[-0.02023003 -0.03090214  0.00161172 ... -0.013961   -0.00137596
 -0.00242304]"
MIR630,"[-0.03098407 -0.0175174   0.00217962 ... -0.00684735 -0.01003294
 -0.01165591]","[-0.05913523 -0.02842741  0.00572371 ... -0.01793233 -0.01610541
 -0.02146956]"
LPCAT2,"[-0.01349126  0.0324389   0.00761988 ... -0.00418413 -0.00795325
 -0.02562183]","[-3.98454852e-02  7.61108007e-03  1.74629856e-02 ... -7.11526489e-03
  2.41342514e-05 -2.28847526e-02]"
TAF11L14,"[-0.02149548 -0.01333255 -0.00742632 ...  0.00464396  0.00366294
 -0.02399993]","[-0.04266177 -0.0221155   0.00302542 ... -0.00968135 -0.01546622
 -0.01010025]"
MIR5684,"[-0.02966681 -0.01062861 -0.00721013 ... -0.00850289 -0.00793647
 -0.00843625]","[-0.06080749 -0.02584188  0.00289004 ... -0.01932309 -0.01325142
 -0.01940085]"
TEX13C,"[-0.0142661  -0.01947459 -0.00025354 ...  0.00345921  0.00589174
 -0.02114875]","[-0.01714    -0.02681876 -0.00939178 ... -0.01607038 -0.01036357
 -0.02252723]"
NUTF2P5,"[-0.01122816 -0.01700304  0.01202518 ...  0.01053601 -0.00426824
 -0.01134002]","[-0.03731278 -0.02975783  0.00912438 ... -0.01644154 -0.01534091
 -0.00248152]"
ACIN1,"[-0.01053804 -0.00609116 -0.00352488 ... -0.02468417 -0.01326075
 -0.01951834]","[-0.03136193  0.00337997  0.00094218 ... -0.02433844 -0.01394157
 -0.00643381]"
SLC22A2,"[-1.41160693e-02  1.29320556e-02 -1.78257196e-07 ... -1.97730213e-02
 -8.03731236e-05  2.84985406e-03]","[-0.00343188  0.01040258  0.00356475 ... -0.04293251 -0.00922297
 -0.01643672]"
CCDC138,"[-0.02407844  0.00722218 -0.00736445 ... -0.01853647 -0.00955956
  0.00244917]","[-0.03943981 -0.0101806  -0.00248002 ... -0.01774257 -0.02133651
  0.00197733]"
ARPIN-AP3S2,"[-0.0173931   0.00134626 -0.00095662 ... -0.01800698 -0.02010779
  0.00848511]","[-0.02601979 -0.00226677  0.00901983 ... -0.0132597  -0.0125238
 -0.02148287]"
CDC42EP3,"[-0.01470443 -0.00533204 -0.01528451 ... -0.02085601 -0.00974
 -0.01841426]","[-0.03620777 -0.01099211 -0.00609253 ... -0.01948036 -0.02048977
 -0.01133951]"
