reference_gene,reference_gene_GenePTembedding,reference_description_GenePTembedding
ATM,"[-0.04853241 -0.0195451   0.00486907 ... -0.00651045 -0.00061466
 -0.01493411]","[-0.04752329 -0.02873804 -0.01124249 ... -0.0092363  -0.01361344
 -0.00317701]"
ATR,"[-0.04369815 -0.01790196 -0.01034367 ...  0.00281337 -0.00236897
 -0.01406683]","[-4.75202464e-02 -6.44842675e-03 -2.08999868e-02 ... -8.13843290e-05
 -7.83913583e-03 -1.61128666e-03]"
CHEK1,"[-0.01294401 -0.00150974 -0.00892032 ...  0.00016442  0.01303267
 -0.01344868]","[-0.03777657 -0.01354403 -0.0226345  ... -0.00270488  0.00155301
 -0.00112976]"
CHEK2,"[-0.02365346  0.00203409 -0.00752917 ... -0.00183169  0.00454381
 -0.00933725]","[-0.03148861 -0.0149433  -0.02123315 ... -0.0011974  -0.01302615
 -0.00655575]"
RB1,"[ 0.00311515 -0.02168613 -0.00703908 ... -0.0373133  -0.01906789
  0.01084306]","[-0.04077324 -0.02084519 -0.02328215 ... -0.00445794 -0.01548649
  0.02020319]"
MDM2,"[-0.03213239 -0.00696202 -0.02662972 ... -0.00901715 -0.02466161
  0.00481316]","[-0.05069543 -0.00847743 -0.01754041 ... -0.00760562 -0.01202975
 -0.00141345]"
BRCA2,"[-0.03738425 -0.02527122 -0.01209293 ... -0.00575503 -0.02200177
 -0.00501137]","[-0.03943034 -0.00638244 -0.02438762 ...  0.00326747 -0.01683382
 -0.00226971]"
PALB2,"[-0.02510594 -0.00017446  0.02693305 ... -0.02032837 -0.01065818
 -0.00582647]","[-0.05167237 -0.00527042 -0.00163599 ... -0.00875139 -0.02443857
  0.00023409]"
BARD1,"[-0.01151101 -0.0110619  -0.01421948 ... -0.02819023 -0.02017536
 -0.01161465]","[-0.04707543 -0.02490106 -0.02300307 ... -0.00650595 -0.03386972
 -0.00180108]"
RAD51,"[-0.02320974 -0.00196943 -0.01876769 ... -0.02209923 -0.01339558
 -0.01351357]","[-0.05368793 -0.02206532 -0.02218283 ... -0.00070464 -0.02083802
 -0.00011169]"
ABCC4,"[-0.02015979 -0.01942143  0.0037709  ... -0.02348239 -0.01499129
 -0.01857759]","[-0.01528191 -0.01744619 -0.00148959 ... -0.04489556 -0.02842594
 -0.00959408]"
ABCC2,"[-0.02041979 -0.02125409 -0.00229603 ... -0.02282694 -0.02089848
 -0.01689112]","[-0.01357173 -0.00880788 -0.00070632 ... -0.04962778 -0.03036299
 -0.00261586]"
SLC9A3,"[-0.01896371  0.00580829  0.01030693 ... -0.0264418  -0.00492428
 -0.01160348]","[-0.00632107  0.01822032  0.019276   ... -0.03060179 -0.00796976
 -0.01799875]"
HBA1,"[-0.01637231 -0.02451847 -0.00535967 ... -0.02786493  0.00194988
 -0.00175822]","[-0.0208567  -0.0131723  -0.00552089 ... -0.03007797 -0.00451499
 -0.00986768]"
HBA2,"[-0.02935298 -0.0245774  -0.0065042  ... -0.02559978 -0.00918121
  0.0022045 ]","[-0.02210196 -0.01312635 -0.00601128 ... -0.02918728 -0.00534704
 -0.0091012 ]"
HBD,"[-0.00460725 -0.02261742 -0.00696799 ... -0.00984277 -0.00414716
  0.00431216]","[-0.03413737 -0.02417831 -0.00539856 ... -0.02018351 -0.00769627
  0.00766135]"
HBG1,"[-0.00464011 -0.00958822 -0.02441246 ... -0.03789757 -0.00138098
 -0.00463341]","[-0.01171508 -0.01855711 -0.0236804  ... -0.05349821  0.01238677
  0.00594644]"
BCL11A,"[-0.02253124 -0.02362801  0.00270977 ... -0.03412183 -0.00844921
 -0.01791396]","[-0.03956091 -0.01732909 -0.00430945 ... -0.03194602 -0.01666409
  0.00013141]"
APOA1,"[-0.01050792  0.00443282 -0.01231042 ... -0.00635883  0.00307761
 -0.02556883]","[-0.02282804  0.02351314 -0.00145503 ... -0.02287974 -0.00411383
 -0.02405605]"
APOB,"[-0.01114556 -0.03342329  0.00074134 ... -0.02084607  0.00181968
 -0.01644404]","[-0.03782135 -0.00201496 -0.00577754 ... -0.0329437  -0.02161034
 -0.01490683]"
APOC3,"[-0.00404426 -0.00510105  0.00592074 ...  0.003902   -0.00924692
 -0.01383989]","[-0.03883414 -0.00280228 -0.00131786 ... -0.01553624 -0.01038121
 -0.02642843]"
LDLR,"[-0.01789032  0.00319914 -0.01178884 ... -0.0223491   0.00239331
 -0.0045485 ]","[-0.04215081  0.01215585 -0.01301755 ... -0.0217595  -0.01109024
 -0.0160894 ]"
LRP1,"[-0.00844663  0.01631948 -0.01483831 ... -0.0115891   0.01098863
 -0.01165582]","[-0.02813974  0.0150131  -0.00471288 ... -0.01874672 -0.01095197
 -0.01835371]"
ERBB2,"[-0.03973693 -0.02270128 -0.02191223 ... -0.02271421 -0.01126656
 -0.00112375]","[-0.05190114 -0.01332562 -0.02219239 ... -0.02688056 -0.01498177
  0.0006127 ]"
ERBB3,"[-0.03844975 -0.02428541 -0.02049967 ... -0.01713886 -0.00106635
 -0.01361065]","[-0.05184197 -0.02433399 -0.02768862 ... -0.02714672 -0.01335402
  0.00578674]"
ERBB4,"[-0.04012247 -0.0167493  -0.02312035 ... -0.01822829 -0.00541034
 -0.00895613]","[-0.04282229 -0.02361277 -0.01911939 ... -0.0226729  -0.01279776
 -0.00425519]"
MET,"[-0.02402196 -0.02636453 -0.00732585 ... -0.01712204 -0.02576824
 -0.02008929]","[-0.03671875 -0.01523906 -0.02374548 ... -0.03519096 -0.02347359
  0.00198904]"
KRAS,"[-0.01008843 -0.00871488  0.00258469 ...  0.00605914  0.00539267
  0.01406019]","[-0.03938079 -0.00399591 -0.00489302 ... -0.0087805  -0.00564226
  0.01378854]"
MYCN,"[-0.02427402 -0.01487592 -0.00455385 ...  0.00096109 -0.00466935
 -0.0246436 ]","[-0.05070695 -0.01319612 -0.0069892  ... -0.00637364 -0.02900838
 -0.00180982]"
MYCL,"[-0.01295644 -0.02158235 -0.00129793 ... -0.02273529 -0.01339231
 -0.03253522]","[-0.04183834 -0.02143196 -0.01230694 ...  0.00102722 -0.00105023
 -0.01826318]"
MAX,"[-0.00814302 -0.01192634 -0.00980561 ... -0.01185245 -0.01125392
 -0.02506454]","[-0.05239242 -0.00561721 -0.02548997 ... -0.01099247 -0.01413785
 -0.01195374]"
MXD1,"[-0.02123387 -0.00152769 -0.01441443 ... -0.01710209 -0.01236191
 -0.02678302]","[-0.03962741 -0.01072256 -0.00552902 ... -0.01385381 -0.0190901
 -0.00629868]"
AKT2,"[-0.03004799 -0.03082881 -0.00561717 ... -0.01028525  0.00082751
  0.0003151 ]","[-0.04248535 -0.03062777 -0.02192876 ... -0.01589641 -0.009877
  0.00747571]"
AKT3,"[-0.03211277 -0.0309744  -0.00346146 ... -0.01037113  0.01011963
 -0.01092046]","[-0.04788868 -0.04405145 -0.00617475 ... -0.01557917 -0.00407386
 -0.0083268 ]"
PIK3CA,"[-0.02699393 -0.02939167  0.01544352 ...  0.01481185 -0.00786356
 -0.01632011]","[-0.02431542 -0.0204641  -0.00202734 ... -0.00219894 -0.00686373
 -0.00610428]"
PTEN,"[-0.02818697 -0.0183189   0.0072567  ...  0.01354234 -0.0009932
 -0.0239353 ]","[-0.04014727 -0.00919073  0.00626817 ... -0.00321482  0.00206517
 -0.00789899]"
MTOR,"[-0.03198018 -0.05226364 -0.01736617 ...  0.01563231 -0.00710059
  0.00079727]","[-0.04339543 -0.03100414 -0.01806847 ... -0.00307028 -0.01230704
 -0.01503545]"
YES1,"[ 0.0095252  -0.01563074 -0.00998828 ... -0.01716959  0.0041036
 -0.03621999]","[-0.03127978 -0.0270792  -0.03083066 ... -0.01721181  0.00244869
 -0.01336788]"
FYN,"[ 0.00241069 -0.04063788 -0.02311192 ... -0.00603284  0.0092308
 -0.01892245]","[-0.03756614 -0.03454418 -0.02430597 ... -0.01621701 -0.00361789
 -0.00527867]"
LYN,"[-0.01253645 -0.01225816 -0.00012569 ... -0.00851445 -0.02288632
 -0.01978534]","[-0.03283723 -0.00876044 -0.00913213 ... -0.01967414 -0.0170082
 -0.00758127]"
ABL1,"[-0.01001292 -0.00940502 -0.01544212 ... -0.0152325  -0.01164098
 -0.00320197]","[-0.03580018 -0.01684484 -0.02829621 ... -0.02694133 -0.02040141
  0.01093677]"
PTK2,"[-0.00881976 -0.0160879  -0.00938461 ...  0.003287   -0.01580208
 -0.00346734]","[-0.03976616 -0.01065165 -0.0274748  ... -0.01719758 -0.02219417
 -0.0084955 ]"
MAPK1,"[-0.03283268 -0.01579859 -0.01669236 ... -0.01116548 -0.00612491
 -0.00412051]","[-0.03841352 -0.0214269  -0.01474067 ... -0.01786435 -0.00156587
 -0.00189422]"
MAP2K1,"[-0.0287665  -0.00574868 -0.0039128  ... -0.00709917 -0.02031353
 -0.00911996]","[-0.04568613 -0.0192302  -0.01684724 ... -0.01947362 -0.01170339
 -0.00193615]"
MAP2K2,"[-0.03017581 -0.00474059 -0.00509432 ... -0.00980516 -0.02310129
 -0.00653897]","[-0.05347928 -0.01422736 -0.01660508 ... -0.01194059 -0.01872295
 -0.00866635]"
BRAF,"[-0.03967857 -0.02324105 -0.02755168 ... -0.01100379 -0.00164489
 -0.00047432]","[-0.04344004 -0.01453127 -0.02785801 ... -0.01064858 -0.01150072
  0.00168506]"
